epoch,step,val_loss_RANK,val_map_at_k_metric
0,15,4871.392578125,0.7892213463783264
