epoch,step,val_loss_RANK,val_map_at_k_metric
0,24,6614.2978515625,0.7557200789451599
