epoch,step,val_loss_RANK,val_map_at_k_metric
0,24,6970.70654296875,0.6743648052215576
