epoch,step,train_loss_RANK,val_loss_RANK,val_map_at_k_metric
0,24,,6663.40234375,0.757965624332428
0,24,7331.26611328125,,
1,49,,6647.32666015625,0.7573489546775818
