epoch,step,train_loss_RANK,val_loss_RANK,val_map_at_k_metric
0,15,,4808.7421875,0.8237705230712891
0,15,8398.85546875,,
1,31,,4614.45654296875,0.8437831401824951
