epoch,step,val_loss_RANK,val_map_at_k_metric
0,24,6924.25146484375,0.6988568902015686
