epoch,step,val_loss_RANK,val_map_at_k_metric
0,12,7211.23095703125,0.5730394721031189
