epoch,step,val_loss_RANK,val_map_at_k_metric
0,15,5431.64892578125,0.6455227136611938
