epoch,step,train_loss_RANK,val_loss_RANK,val_map_at_k_metric
0,15,,5218.34765625,0.6903766393661499
0,15,8675.1337890625,,
1,31,,5069.7509765625,0.7269410490989685
