epoch,step,val_loss_MSE,val_map_at_k_metric
0,61,0.053538728505373,0.5519426465034485
