epoch,step,val_loss_RANK,val_map_at_k_metric
0,15,5151.955078125,0.7399827837944031
