epoch,step,val_loss_MSE,val_map_at_k_metric
0,49,0.031667012721300125,0.2895708978176117
