epoch,step,val_loss_RANK,val_map_at_k_metric
0,24,6974.1064453125,0.6935595870018005
