epoch,step,val_loss_RANK,val_map_at_k_metric
0,12,24913.55078125,0.6065064072608948
