epoch,step,train_loss_RANK,val_loss_RANK,val_map_at_k_metric
0,30,,4743.59228515625,0.7649776339530945
0,30,8149.9658203125,,
1,61,,4592.40966796875,0.7851736545562744
