epoch,step,val_loss_RANK,val_map_at_k_metric
0,15,5246.1552734375,0.7274576425552368
