epoch,step,val_loss_RANK,val_map_at_k_metric
0,15,5102.9755859375,0.7660159468650818
