epoch,step,train_loss_RANK,val_loss_RANK,val_map_at_k_metric
0,24,,6637.21826171875,0.7552680373191833
0,24,7245.748046875,,
1,49,,6672.88671875,0.7427396774291992
