epoch,step,val_loss_MSE,val_map_at_k_metric
0,30,0.12111637741327286,0.5016074180603027
