epoch,step,val_loss_RANK,val_map_at_k_metric
0,15,5405.1474609375,0.5858109593391418
