epoch,step,val_loss_RANK,val_map_at_k_metric
0,15,4931.5302734375,0.8122790455818176
