epoch,step,val_loss_RANK,val_map_at_k_metric
0,15,5189.7099609375,0.7573007941246033
