epoch,step,train_loss_RANK,val_loss_RANK,val_map_at_k_metric
0,30,,5220.6015625,0.7535377144813538
0,30,8606.134765625,,
1,61,,5062.01416015625,0.7948620319366455
