epoch,step,train_loss_RANK,val_loss_RANK,val_map_at_k_metric
0,24,,6692.1103515625,0.7553871870040894
0,24,7228.13671875,,
1,49,,6547.521484375,0.760297417640686
