epoch,step,val_loss_RANK,val_map_at_k_metric
0,24,7009.1376953125,0.6605957746505737
