epoch,step,val_loss_RANK,val_map_at_k_metric
0,15,4961.68798828125,0.7786151170730591
