epoch,step,train_loss_RANK,val_loss_RANK,val_map_at_k_metric
0,61,,19464.513671875,0.5814864635467529
0,61,30427.498046875,,
1,123,,19450.763671875,0.5726573467254639
