epoch,step,val_loss_RANK,val_map_at_k_metric
0,12,6958.1982421875,0.6602546572685242
