epoch,step,val_loss_RANK,val_map_at_k_metric
0,30,5523.00927734375,0.5825638175010681
