epoch,step,train_loss_RANK,val_loss_RANK,val_map_at_k_metric
0,24,,6619.91796875,0.7574553489685059
0,24,7229.5361328125,,
1,49,,6527.8623046875,0.7595120072364807
