epoch,step,train_loss_RANK,val_loss_RANK,val_map_at_k_metric
0,15,,5182.8798828125,0.7523866891860962
0,15,8546.291015625,,
1,31,,4906.86669921875,0.8099541068077087
