epoch,step,val_loss_RANK,val_map_at_k_metric
0,24,7259.9462890625,0.6161469221115112
