epoch,step,val_loss_RANK,val_map_at_k_metric
0,15,4949.01123046875,0.8118017911911011
