epoch,step,train_loss_RANK,val_loss_RANK,val_map_at_k_metric
0,24,,7013.6748046875,0.6861445307731628
0,24,7283.65087890625,,
1,49,,6765.94580078125,0.7272321581840515
