epoch,step,val_loss_RANK,val_map_at_k_metric
0,15,4960.126953125,0.7338470220565796
