epoch,step,train_loss_MSE,val_loss_MSE,val_map_at_k_metric
0,49,,0.032283514738082886,0.5397799015045166
0,49,0.08417965471744537,,
1,99,,0.032283518463373184,0.5397891402244568
