epoch,step,val_loss_RANK,val_map_at_k_metric
0,15,5000.427734375,0.7902692556381226
