epoch,step,val_loss_MSE,val_map_at_k_metric
0,12,0.19306926429271698,0.44366228580474854
