epoch,step,val_loss_RANK,val_map_at_k_metric
0,61,5773.6982421875,0.4475300908088684
