epoch,step,val_loss_RANK,val_map_at_k_metric
0,15,5133.8193359375,0.7572756409645081
