epoch,step,val_loss_RANK,val_map_at_k_metric
0,12,7005.833984375,0.6169432997703552
