epoch,step,val_loss_RANK,val_map_at_k_metric
0,15,5048.69091796875,0.7172991633415222
