epoch,step,val_loss_RANK,val_map_at_k_metric
0,24,7217.46923828125,0.5689781308174133
