epoch,step,val_loss_RANK,val_map_at_k_metric
0,15,4961.60888671875,0.8115837574005127
