epoch,step,val_loss_RANK,val_map_at_k_metric
0,12,7072.89306640625,0.657503068447113
