epoch,step,val_loss_RANK,val_map_at_k_metric
0,24,6986.87255859375,0.6726297736167908
