epoch,step,val_loss_RANK,val_map_at_k_metric
0,24,7411.47705078125,0.6038665771484375
