epoch,step,val_loss_RANK,val_map_at_k_metric
0,24,7163.40869140625,0.651664137840271
