epoch,step,val_loss_RANK,val_map_at_k_metric
0,15,5057.400390625,0.7630478739738464
