epoch,step,val_loss_RANK,val_map_at_k_metric
0,24,7319.15771484375,0.6255912184715271
