epoch,step,train_loss_RANK,val_loss_RANK,val_map_at_k_metric
0,12,,24865.658203125,0.6875355243682861
0,12,25427.4296875,,
1,25,,24396.03515625,0.7496292591094971
