epoch,step,val_loss_RANK,val_map_at_k_metric
0,15,4927.5205078125,0.732813835144043
