epoch,step,train_loss_MSE,val_loss_MSE,val_map_at_k_metric
0,49,,0.032283421605825424,0.5610036849975586
0,49,0.09341446310281754,,
1,99,,0.03228345513343811,0.5612199902534485
