epoch,step,val_loss_RANK,val_map_at_k_metric
0,15,4973.67431640625,0.8148396015167236
