epoch,step,val_loss_RANK,val_map_at_k_metric
0,24,6934.63720703125,0.7367634773254395
