epoch,step,val_loss_RANK,val_map_at_k_metric
0,30,4794.36962890625,0.760170042514801
