epoch,step,val_loss_RANK,val_map_at_k_metric
0,30,5378.580078125,0.7130513191223145
