epoch,step,train_loss_RANK,val_loss_RANK,val_map_at_k_metric
0,24,,6586.3564453125,0.7594678401947021
0,24,7290.1708984375,,
1,49,,6647.26904296875,0.7592501640319824
