epoch,step,val_loss_RANK,val_map_at_k_metric
0,24,7178.7080078125,0.5988016128540039
