epoch,step,train_loss_RANK,val_loss_RANK,val_map_at_k_metric
0,15,,4978.66455078125,0.8099682927131653
0,15,8456.587890625,,
1,31,,4641.78076171875,0.8245062828063965
