epoch,step,val_loss_RANK,val_map_at_k_metric
0,24,6673.00830078125,0.751501202583313
