epoch,step,val_loss_RANK,val_map_at_k_metric
0,15,5528.076171875,0.6604828834533691
