epoch,step,train_loss_RANK,val_loss_RANK,val_map_at_k_metric
0,24,,6711.5693359375,0.7529019713401794
0,24,7255.591796875,,
1,49,,6664.3798828125,0.7467827796936035
