epoch,step,val_loss_RANK,val_map_at_k_metric
0,15,5660.48779296875,0.5696440935134888
