epoch,step,val_loss_MSE,val_map_at_k_metric
0,15,0.046123653650283813,0.5054486393928528
