epoch,step,val_loss_RANK,val_map_at_k_metric
0,30,5254.248046875,0.7349737882614136
