epoch,step,val_loss_RANK,val_map_at_k_metric
0,15,5003.01123046875,0.7819343209266663
