epoch,step,train_loss_RANK,val_loss_RANK,val_map_at_k_metric
0,24,,6700.06103515625,0.7585181593894958
0,24,7238.39990234375,,
1,49,,6616.2939453125,0.7579216957092285
