epoch,step,val_loss_RANK,val_map_at_k_metric
0,24,7055.650390625,0.6601821184158325
