epoch,step,val_loss_RANK,val_map_at_k_metric
0,15,5005.3037109375,0.7900097966194153
