epoch,step,val_loss_RANK,val_map_at_k_metric
0,24,6792.3330078125,0.7501431703567505
