epoch,step,train_loss_RANK,val_loss_RANK,val_map_at_k_metric
0,24,,6700.16259765625,0.754889726638794
0,24,7321.99853515625,,
1,49,,6653.83056640625,0.7598236203193665
