epoch,step,train_loss_RANK,val_loss_RANK,val_map_at_k_metric
0,15,,5021.6552734375,0.7762845754623413
0,15,8416.4677734375,,
1,31,,4799.95068359375,0.8220687508583069
