epoch,step,val_loss_MSE,val_map_at_k_metric
0,49,0.025427859276533127,0.5270050764083862
