epoch,step,val_loss_RANK,val_map_at_k_metric
0,12,7058.66064453125,0.6660427451133728
