epoch,step,val_loss_RANK,val_map_at_k_metric
0,12,7086.80810546875,0.6638799905776978
