epoch,step,val_loss_RANK,val_map_at_k_metric
0,24,7239.84521484375,0.5706787705421448
