epoch,step,val_loss_RANK,val_map_at_k_metric
0,15,5007.23388671875,0.7726767063140869
