epoch,step,val_loss_MSE,val_map_at_k_metric
0,49,0.04692042991518974,0.5068812966346741
