epoch,step,val_loss_RANK,val_map_at_k_metric
0,24,7165.68505859375,0.5678748488426208
