epoch,step,val_loss_RANK,val_map_at_k_metric
0,24,6684.12548828125,0.7540685534477234
