epoch,step,train_loss_RANK,val_loss_RANK,val_map_at_k_metric
0,24,,6758.7724609375,0.7558954954147339
0,24,7273.80517578125,,
1,49,,6529.51513671875,0.7609052062034607
