epoch,step,train_loss_RANK,val_loss_RANK,val_map_at_k_metric
0,15,,4746.56787109375,0.8369295597076416
0,15,8265.5732421875,,
1,31,,4603.81640625,0.8263863921165466
