epoch,step,val_loss_RANK,val_map_at_k_metric
0,15,5081.3701171875,0.7513124346733093
