epoch,step,val_loss_RANK,val_map_at_k_metric
0,15,5458.2236328125,0.6455843448638916
