epoch,step,val_loss_RANK,val_map_at_k_metric
0,15,4849.7275390625,0.793684184551239
