epoch,step,val_loss_RANK,val_map_at_k_metric
0,15,5086.96923828125,0.7446278929710388
