epoch,step,val_loss_RANK,val_map_at_k_metric
0,24,7503.6513671875,0.48497292399406433
