epoch,step,val_loss_RANK,val_map_at_k_metric
0,15,5106.318359375,0.7676130533218384
