epoch,step,val_loss_RANK,val_map_at_k_metric
0,15,5407.927734375,0.6556712985038757
