epoch,step,val_loss_RANK,val_map_at_k_metric
0,24,7116.1083984375,0.6583415269851685
