epoch,step,val_loss_RANK,val_map_at_k_metric
0,15,5164.42919921875,0.7324599027633667
