epoch,step,val_loss_RANK,val_map_at_k_metric
0,30,5382.572265625,0.5934078693389893
