epoch,step,val_loss_MSE,val_map_at_k_metric
0,30,0.07014735043048859,0.533816397190094
