epoch,step,train_loss_MSE,val_loss_MSE,val_map_at_k_metric
0,49,,0.08909730613231659,0.5386991500854492
0,49,0.16525767743587494,,
1,99,,0.027265368029475212,0.5580757856369019
