epoch,step,val_loss_RANK,val_map_at_k_metric
0,15,4941.48974609375,0.8127816319465637
