epoch,step,val_loss_RANK,val_map_at_k_metric
0,12,7196.4736328125,0.5539904832839966
