epoch,step,val_loss_RANK,val_map_at_k_metric
0,15,5186.615234375,0.7559404969215393
