epoch,step,val_loss_RANK,val_map_at_k_metric
0,12,7190.16455078125,0.6135237812995911
