epoch,step,val_loss_RANK,val_map_at_k_metric
0,24,6589.931640625,0.7566590309143066
