epoch,step,val_loss_RANK,val_map_at_k_metric
0,24,6992.39306640625,0.6926823258399963
