epoch,step,train_loss_RANK,val_loss_RANK,val_map_at_k_metric
0,24,,6784.96923828125,0.7546140551567078
0,24,7275.12646484375,,
1,49,,6665.150390625,0.7524952292442322
