epoch,step,val_loss_RANK,val_map_at_k_metric
0,24,6678.5478515625,0.7514598369598389
