epoch,step,val_loss_RANK,val_map_at_k_metric
0,15,5175.353515625,0.7465535998344421
