epoch,step,val_loss_MSE,val_map_at_k_metric
0,15,0.18250051140785217,0.3741704821586609
