epoch,step,val_loss_RANK,val_map_at_k_metric
0,24,6906.65869140625,0.7333221435546875
