epoch,step,val_loss_RANK,val_map_at_k_metric
0,15,5327.81298828125,0.5841676592826843
