epoch,step,val_loss_RANK,val_map_at_k_metric
0,15,5216.58056640625,0.6798756718635559
