epoch,step,val_loss_MSE,val_map_at_k_metric
0,61,0.04749457165598869,0.5542742609977722
