epoch,step,val_loss_RANK,val_map_at_k_metric
0,15,4877.861328125,0.7475630640983582
