epoch,step,train_loss_RANK,val_loss_RANK,val_map_at_k_metric
0,49,,7187.19091796875,0.5650160908699036
0,49,7365.05908203125,,
1,99,,7231.40576171875,0.5659056305885315
