epoch,step,val_loss_RANK,val_map_at_k_metric
0,15,5196.267578125,0.7781117558479309
