epoch,step,val_loss_RANK,val_map_at_k_metric
0,24,7231.81884765625,0.6171538829803467
