epoch,step,train_loss_RANK,val_loss_RANK,val_map_at_k_metric
0,15,,4740.3994140625,0.841192364692688
0,15,8241.9365234375,,
1,31,,4622.68896484375,0.8333492279052734
