epoch,step,train_loss_RANK,val_loss_RANK,val_map_at_k_metric
0,24,,6740.99560546875,0.7560957074165344
0,24,7167.51513671875,,
1,49,,6567.45361328125,0.7602813243865967
