epoch,step,train_loss_RANK,val_loss_RANK,val_map_at_k_metric
0,30,,4843.14111328125,0.7579445242881775
0,30,8096.90966796875,,
1,61,,4639.060546875,0.7797098755836487
