epoch,step,val_loss_RANK,val_map_at_k_metric
0,30,5322.76513671875,0.68316650390625
