epoch,step,train_loss_RANK,val_loss_RANK,val_map_at_k_metric
0,24,,6729.21044921875,0.760535478591919
0,24,7262.85546875,,
1,49,,6555.677734375,0.7586240172386169
