epoch,step,val_loss_RANK,val_map_at_k_metric
0,24,6734.42333984375,0.7539515495300293
