epoch,step,val_loss_RANK,val_map_at_k_metric
0,12,25135.251953125,0.5712580680847168
