epoch,step,val_loss_RANK,val_map_at_k_metric
0,12,7099.93603515625,0.6992095708847046
