epoch,step,train_loss_RANK,val_loss_RANK,val_map_at_k_metric
0,15,,18346.634765625,0.7987820506095886
0,15,29832.6328125,,
1,31,,17753.56640625,0.8195353746414185
