epoch,step,val_loss_MSE,val_map_at_k_metric
0,61,0.05537169426679611,0.47319093346595764
