epoch,step,train_loss_RANK,val_loss_RANK,val_map_at_k_metric
0,24,,6657.70849609375,0.7600929737091064
0,24,7244.23095703125,,
1,49,,6504.40869140625,0.758425235748291
