epoch,step,val_loss_MSE,val_map_at_k_metric
0,61,0.05058690160512924,0.6004805564880371
