epoch,step,val_loss_RANK,val_map_at_k_metric
0,24,7277.37744140625,0.6631879210472107
