epoch,step,val_loss_RANK,val_map_at_k_metric
0,24,7227.541015625,0.6130368709564209
