epoch,step,val_loss_RANK,val_map_at_k_metric
0,15,5257.66650390625,0.6101329922676086
