epoch,step,train_loss_RANK,val_loss_RANK,val_map_at_k_metric
0,24,,6710.115234375,0.7571256756782532
0,24,7255.69287109375,,
1,49,,6610.92919921875,0.7600258588790894
