epoch,step,train_loss_RANK,val_loss_RANK,val_map_at_k_metric
0,15,,4998.15673828125,0.7810049653053284
0,15,8541.27734375,,
1,31,,4647.6962890625,0.8182452917098999
