epoch,step,val_loss_RANK,val_map_at_k_metric
0,15,5023.3486328125,0.7923817038536072
