epoch,step,val_loss_RANK,val_map_at_k_metric
0,15,5073.9228515625,0.7676212787628174
