epoch,step,val_loss_RANK,val_map_at_k_metric
0,49,7512.32666015625,0.3972679376602173
