epoch,step,train_loss_RANK,val_loss_RANK,val_map_at_k_metric
0,15,,4939.09228515625,0.8073441386222839
0,15,8487.8095703125,,
1,31,,4682.29736328125,0.8218684792518616
