epoch,step,val_loss_RANK,val_map_at_k_metric
0,24,6930.0087890625,0.7515901923179626
