epoch,step,train_loss_RANK,val_loss_RANK,val_map_at_k_metric
0,15,,5347.61279296875,0.6830306649208069
0,15,8737.7734375,,
1,31,,5040.4462890625,0.7591660618782043
