epoch,step,val_loss_RANK,val_map_at_k_metric
0,24,7006.5849609375,0.724413275718689
