epoch,step,train_loss_RANK,val_loss_RANK,val_map_at_k_metric
0,15,,5063.18896484375,0.7896924614906311
0,15,8462.7626953125,,
1,31,,4863.0830078125,0.8233166337013245
