epoch,step,train_loss_RANK,val_loss_RANK,val_map_at_k_metric
0,15,,4834.81005859375,0.7969110012054443
0,15,8324.625,,
1,31,,4683.83447265625,0.831653892993927
