epoch,step,val_loss_RANK,val_map_at_k_metric
0,15,5268.12548828125,0.707148015499115
