epoch,step,val_loss_RANK,val_map_at_k_metric
0,30,4934.96240234375,0.7980387806892395
