epoch,step,val_loss_RANK,val_map_at_k_metric
0,15,5523.38232421875,0.646033763885498
