epoch,step,val_loss_RANK,val_map_at_k_metric
0,15,5026.3291015625,0.7587193250656128
