epoch,step,val_loss_RANK,val_map_at_k_metric
0,24,6654.8056640625,0.7546147704124451
