epoch,step,val_loss_RANK,val_map_at_k_metric
0,15,5098.94970703125,0.7882960438728333
