epoch,step,train_loss_MSE,val_loss_MSE,val_map_at_k_metric
0,49,,0.03225621581077576,0.5478284955024719
0,49,0.08968554437160492,,
1,99,,0.032252561300992966,0.5487276315689087
