epoch,step,train_loss_MSE,val_loss_MSE,val_map_at_k_metric
0,12,,0.02387780137360096,0.5558562874794006
0,12,0.10217568278312683,,
1,25,,0.03039192594587803,0.5544040203094482
