epoch,step,val_loss_RANK,val_map_at_k_metric
0,15,4940.14404296875,0.7921786904335022
