epoch,step,val_loss_RANK,val_map_at_k_metric
0,24,7122.62744140625,0.6367170214653015
