epoch,step,train_loss_RANK,val_loss_RANK,val_map_at_k_metric
0,49,,7079.60400390625,0.5545102953910828
0,49,7338.45751953125,,
1,99,,7103.63330078125,0.5756470561027527
