epoch,step,val_loss_RANK,val_map_at_k_metric
0,24,7496.8583984375,0.632200300693512
