epoch,step,val_loss_RANK,val_map_at_k_metric
0,24,6628.98779296875,0.7529945969581604
