epoch,step,val_loss_RANK,val_map_at_k_metric
0,24,7093.615234375,0.6723209023475647
