epoch,step,train_loss_RANK,val_loss_RANK,val_map_at_k_metric
0,24,,6671.0791015625,0.7573639154434204
0,24,7208.1064453125,,
1,49,,6487.9306640625,0.7590529918670654
