epoch,step,val_loss_RANK,val_map_at_k_metric
0,24,6653.81201171875,0.7544402480125427
