epoch,step,val_loss_RANK,val_map_at_k_metric
0,15,5610.96533203125,0.6594288349151611
