epoch,step,val_loss_RANK,val_map_at_k_metric
0,12,7065.11865234375,0.6647198796272278
