epoch,step,val_loss_RANK,val_map_at_k_metric
0,15,5305.51611328125,0.6167268753051758
