epoch,step,val_loss_RANK,val_map_at_k_metric
0,15,5102.4697265625,0.7381485104560852
