epoch,step,val_loss_RANK,val_map_at_k_metric
0,15,5049.30029296875,0.7631457448005676
