epoch,step,train_loss_RANK,val_loss_RANK,val_map_at_k_metric
0,12,,25122.505859375,0.5692512392997742
0,12,25356.1171875,,
1,25,,25097.716796875,0.5666089653968811
