epoch,step,val_loss_RANK,val_map_at_k_metric
0,30,5061.544921875,0.7472295761108398
