epoch,step,val_loss_RANK,val_map_at_k_metric
0,24,7485.5478515625,0.6119120717048645
