epoch,step,val_loss_MSE,val_map_at_k_metric
0,24,0.03188050165772438,0.5184986591339111
