epoch,step,val_loss_RANK,val_map_at_k_metric
0,24,6907.3037109375,0.693989634513855
