epoch,step,train_loss_RANK,val_loss_RANK,val_map_at_k_metric
0,15,,5246.6044921875,0.7784363031387329
0,15,8547.400390625,,
1,31,,4827.28173828125,0.8209563493728638
