epoch,step,val_loss_RANK,val_map_at_k_metric
0,15,5724.80712890625,0.566482663154602
