epoch,step,val_loss_RANK,val_map_at_k_metric
0,24,7261.31005859375,0.6078407764434814
