epoch,step,val_loss_RANK,val_map_at_k_metric
0,15,4967.7607421875,0.7930246591567993
