epoch,step,train_loss_RANK,val_loss_RANK,val_map_at_k_metric
0,24,,6655.283203125,0.758598804473877
0,24,7226.33203125,,
1,49,,6515.3544921875,0.7590433359146118
