epoch,step,val_loss_RANK,val_map_at_k_metric
0,15,4947.32568359375,0.8127732276916504
