epoch,step,val_loss_RANK,val_map_at_k_metric
0,15,5365.1826171875,0.5892673134803772
