epoch,step,val_loss_RANK,val_map_at_k_metric
0,24,6852.6025390625,0.7015863656997681
