epoch,step,val_loss_RANK,val_map_at_k_metric
0,15,4919.4951171875,0.7954853177070618
