epoch,step,val_loss_RANK,val_map_at_k_metric
0,15,4937.3056640625,0.813796877861023
