epoch,step,val_loss_RANK,val_map_at_k_metric
0,15,5060.08642578125,0.753513753414154
