epoch,step,val_loss_RANK,val_map_at_k_metric
0,15,5098.0283203125,0.7600690722465515
