epoch,step,val_loss_RANK,val_map_at_k_metric
0,24,7310.64990234375,0.5999265313148499
