epoch,step,val_loss_RANK,val_map_at_k_metric
0,24,7035.45556640625,0.6750014424324036
