epoch,step,val_loss_RANK,val_map_at_k_metric
0,15,5173.94287109375,0.716566264629364
