epoch,step,train_loss_RANK,val_loss_RANK,val_map_at_k_metric
0,24,,6719.2978515625,0.7589335441589355
0,24,7374.14013671875,,
1,49,,6517.65185546875,0.7587600946426392
