epoch,step,val_loss_MSE,val_map_at_k_metric
0,61,0.054231204092502594,0.5153439044952393
