epoch,step,train_loss_RANK,val_loss_RANK,val_map_at_k_metric
0,24,,6786.744140625,0.7553703188896179
0,24,7183.70947265625,,
1,49,,6591.337890625,0.7596408128738403
