epoch,step,val_loss_RANK,val_map_at_k_metric
0,61,5413.751953125,0.5958309769630432
