epoch,step,val_loss_RANK,val_map_at_k_metric
0,15,5414.08935546875,0.6466202139854431
