epoch,step,train_loss_RANK,val_loss_RANK,val_map_at_k_metric
0,24,,6992.0244140625,0.7467239499092102
0,24,7357.5673828125,,
1,49,,6778.779296875,0.7467522621154785
