epoch,step,val_loss_RANK,val_map_at_k_metric
0,15,5372.6376953125,0.6745794415473938
