epoch,step,val_loss_RANK,val_map_at_k_metric
0,15,5322.28759765625,0.6775879263877869
