epoch,step,val_loss_RANK,val_map_at_k_metric
0,15,4949.72607421875,0.7754942178726196
