epoch,step,train_loss_RANK,val_loss_RANK,val_map_at_k_metric
0,24,,6617.75390625,0.7575474381446838
0,24,7261.91796875,,
1,49,,6571.7255859375,0.7528254985809326
