epoch,step,val_loss_RANK,val_map_at_k_metric
0,15,4843.89111328125,0.8137387037277222
