epoch,step,val_loss_RANK,val_map_at_k_metric
0,15,5071.2197265625,0.7530365586280823
