epoch,step,val_loss_RANK,val_map_at_k_metric
0,15,5621.37646484375,0.5626398324966431
