epoch,step,val_loss_RANK,val_map_at_k_metric
0,24,6646.9873046875,0.7533379197120667
