epoch,step,val_loss_RANK,val_map_at_k_metric
0,12,7509.50146484375,0.596537709236145
