epoch,step,val_loss_RANK,val_map_at_k_metric
0,12,7022.36474609375,0.691307783126831
