epoch,step,val_loss_RANK,val_map_at_k_metric
0,15,5383.39697265625,0.6915670037269592
