epoch,step,val_loss_RANK,val_map_at_k_metric
0,15,4918.97509765625,0.7969585061073303
