epoch,step,val_loss_RANK,val_map_at_k_metric
0,61,5335.755859375,0.5911684036254883
