epoch,step,train_loss_RANK,val_loss_RANK,val_map_at_k_metric
0,24,,6605.05859375,0.7590138912200928
0,24,7272.84228515625,,
1,49,,6586.03076171875,0.7582381367683411
