epoch,step,train_loss_RANK,val_loss_RANK,val_map_at_k_metric
0,24,,6627.9541015625,0.7585530877113342
0,24,7233.25390625,,
1,49,,6536.65234375,0.7578980326652527
