epoch,step,val_loss_RANK,val_map_at_k_metric
0,15,5087.2236328125,0.7671778202056885
