epoch,step,train_loss_RANK,val_loss_RANK,val_map_at_k_metric
0,15,,5074.17333984375,0.7138885259628296
0,15,8509.044921875,,
1,31,,4923.33642578125,0.7428517937660217
