epoch,step,val_loss_RANK,val_map_at_k_metric
0,24,7013.9248046875,0.7250083088874817
