epoch,step,val_loss_RANK,val_map_at_k_metric
0,24,6833.08544921875,0.7330207824707031
