epoch,step,train_loss_RANK,val_loss_RANK,val_map_at_k_metric
0,24,,6749.4306640625,0.7575002908706665
0,24,7266.31982421875,,
1,49,,6587.46533203125,0.7597861886024475
