epoch,step,val_loss_MSE,val_map_at_k_metric
0,49,0.1507367640733719,0.5128065943717957
