epoch,step,val_loss_RANK,val_map_at_k_metric
0,15,5503.05224609375,0.6058547496795654
