epoch,step,val_loss_RANK,val_map_at_k_metric
0,12,25069.248046875,0.6291252374649048
