epoch,step,val_loss_RANK,val_map_at_k_metric
0,15,5063.0380859375,0.7636417150497437
