epoch,step,val_loss_RANK,val_map_at_k_metric
0,15,4976.794921875,0.8149646520614624
