epoch,step,val_loss_RANK,val_map_at_k_metric
0,12,7228.0712890625,0.5249358415603638
