epoch,step,train_loss_RANK,val_loss_RANK,val_map_at_k_metric
0,24,,6919.220703125,0.7366053462028503
0,24,7306.55322265625,,
1,49,,6525.26416015625,0.7531051635742188
