epoch,step,train_loss_RANK,val_loss_RANK,val_map_at_k_metric
0,12,,6917.39404296875,0.7277481555938721
0,12,7322.193359375,,
1,25,,6671.45166015625,0.7458171248435974
