epoch,step,val_loss_RANK,val_map_at_k_metric
0,15,5198.09130859375,0.7052420973777771
