epoch,step,val_loss_RANK,val_map_at_k_metric
0,24,6595.20361328125,0.7558545470237732
