epoch,step,val_loss_RANK,val_map_at_k_metric
0,12,7515.2451171875,0.5546957850456238
