epoch,step,train_loss_RANK,val_loss_RANK,val_map_at_k_metric
0,24,,6636.5537109375,0.763085663318634
0,24,7237.7333984375,,
1,49,,6507.92529296875,0.7621315121650696
