epoch,step,val_loss_RANK,val_map_at_k_metric
0,61,5434.80810546875,0.5859625935554504
