epoch,step,val_loss_RANK,val_map_at_k_metric
0,15,5723.98388671875,0.6841815114021301
