epoch,step,train_loss_RANK,val_loss_RANK,val_map_at_k_metric
0,15,,5023.62255859375,0.7944190502166748
0,15,8468.3876953125,,
1,31,,4870.60546875,0.8253287672996521
