epoch,step,train_loss_RANK,val_loss_RANK,val_map_at_k_metric
0,24,,6711.3505859375,0.7587800025939941
0,24,7334.31787109375,,
1,49,,6666.15283203125,0.7563679218292236
