epoch,step,val_loss_RANK,val_map_at_k_metric
0,15,5027.580078125,0.7852997779846191
