epoch,step,val_loss_RANK,val_map_at_k_metric
0,15,5697.6806640625,0.6801090240478516
