epoch,step,train_loss_RANK,val_loss_RANK,val_map_at_k_metric
0,15,,4857.65673828125,0.8166887164115906
0,15,8296.1533203125,,
1,31,,4656.94189453125,0.8409464955329895
