epoch,step,val_loss_RANK,val_map_at_k_metric
0,15,5089.6025390625,0.7689992189407349
