epoch,step,val_loss_RANK,val_map_at_k_metric
0,15,4939.46240234375,0.7994600534439087
