epoch,step,val_loss_RANK,val_map_at_k_metric
0,15,5330.16943359375,0.6755809783935547
