epoch,step,val_loss_RANK,val_map_at_k_metric
0,15,5304.59130859375,0.7341631650924683
