epoch,step,val_loss_RANK,val_map_at_k_metric
0,24,7086.2626953125,0.6853312253952026
