epoch,step,val_loss_RANK,val_map_at_k_metric
0,12,7253.0712890625,0.6083692312240601
