epoch,step,train_loss_RANK,val_loss_RANK,val_map_at_k_metric
0,15,,5480.1240234375,0.6698190569877625
0,15,8764.3896484375,,
1,31,,5329.93017578125,0.7145694494247437
