epoch,step,val_loss_RANK,val_map_at_k_metric
0,24,6754.10986328125,0.7519630789756775
