epoch,step,val_loss_RANK,val_map_at_k_metric
0,12,7306.96728515625,0.5526521801948547
