epoch,step,val_loss_RANK,val_map_at_k_metric
0,15,4944.2763671875,0.8031193017959595
