epoch,step,train_loss_RANK,val_loss_RANK,val_map_at_k_metric
0,24,,7028.71484375,0.6825690269470215
0,24,7253.76513671875,,
1,49,,6785.8486328125,0.7147359848022461
