epoch,step,val_loss_RANK,val_map_at_k_metric
0,15,4981.01220703125,0.7258169054985046
