epoch,step,val_loss_RANK,val_map_at_k_metric
0,12,7250.14404296875,0.607103168964386
