epoch,step,val_loss_RANK,val_map_at_k_metric
0,15,4957.41650390625,0.7714157700538635
