epoch,step,val_loss_RANK,val_map_at_k_metric
0,15,5773.24755859375,0.508209764957428
