epoch,step,train_loss_RANK,val_loss_RANK,val_map_at_k_metric
0,24,,6682.75,0.7544260025024414
0,24,7264.8193359375,,
1,49,,6530.71533203125,0.7594050765037537
