epoch,step,val_loss_RANK,val_map_at_k_metric
0,15,4916.130859375,0.7972464561462402
