epoch,step,val_loss_RANK,val_map_at_k_metric
0,15,4968.720703125,0.8133984208106995
