epoch,step,val_loss_RANK,val_map_at_k_metric
0,24,7121.51513671875,0.6694387197494507
