epoch,step,train_loss_RANK,val_loss_RANK,val_map_at_k_metric
0,24,,6883.2333984375,0.755865216255188
0,24,7373.044921875,,
1,49,,6635.896484375,0.758758008480072
