epoch,step,val_loss_RANK,val_map_at_k_metric
0,61,5273.12060546875,0.5849426984786987
