epoch,step,val_loss_RANK,val_map_at_k_metric
0,24,6969.73388671875,0.7482574582099915
