epoch,step,train_loss_RANK,val_loss_RANK,val_map_at_k_metric
0,15,,4861.51708984375,0.813271164894104
0,15,8304.1552734375,,
1,31,,4668.1376953125,0.8347585797309875
