epoch,step,val_loss_RANK,val_map_at_k_metric
0,24,7170.8583984375,0.6528605222702026
