epoch,step,train_loss_RANK,val_loss_RANK,val_map_at_k_metric
0,24,,6773.654296875,0.7575656175613403
0,24,7269.16796875,,
1,49,,6626.87646484375,0.7526516914367676
