epoch,step,val_loss_MSE,val_map_at_k_metric
0,24,0.19910064339637756,0.4061969816684723
