epoch,step,val_loss_MSE,val_map_at_k_metric
0,30,0.05181150883436203,0.46616360545158386
