epoch,step,val_loss_RANK,val_map_at_k_metric
0,24,6640.17529296875,0.7540265917778015
