epoch,step,train_loss_RANK,val_loss_RANK,val_map_at_k_metric
0,24,,6882.43798828125,0.7346549034118652
0,24,7306.47021484375,,
1,49,,6540.10888671875,0.7611931562423706
