epoch,step,val_loss_RANK,val_map_at_k_metric
0,24,7157.75439453125,0.6340941786766052
