epoch,step,train_loss_RANK,val_loss_RANK,val_map_at_k_metric
0,15,,4995.2001953125,0.8147379755973816
0,15,8438.94921875,,
1,31,,4662.30908203125,0.8232443928718567
