epoch,step,train_loss_RANK,val_loss_RANK,val_map_at_k_metric
0,12,,6975.662109375,0.7127418518066406
0,12,7341.55615234375,,
1,25,,6718.62353515625,0.7523622512817383
