epoch,step,val_loss_RANK,val_map_at_k_metric
0,24,7178.07958984375,0.7063460350036621
