epoch,step,val_loss_RANK,val_map_at_k_metric
0,12,7065.87646484375,0.6368088722229004
