epoch,step,val_loss_RANK,val_map_at_k_metric
0,15,5389.33154296875,0.6840646862983704
