epoch,step,val_loss_RANK,val_map_at_k_metric
0,15,5023.34326171875,0.7899587154388428
