epoch,step,val_loss_RANK,val_map_at_k_metric
0,12,25393.71484375,0.48771488666534424
