epoch,step,train_loss_RANK,val_loss_RANK,val_map_at_k_metric
0,24,,6986.54443359375,0.7523406147956848
0,24,7375.11181640625,,
1,49,,6633.10205078125,0.7518941760063171
