epoch,step,val_loss_RANK,val_map_at_k_metric
0,15,4909.931640625,0.7868886590003967
