epoch,step,val_loss_RANK,val_map_at_k_metric
0,15,4989.8056640625,0.7888948917388916
