epoch,step,val_loss_RANK,val_map_at_k_metric
0,15,5467.0263671875,0.6661168336868286
