epoch,step,val_loss_RANK,val_map_at_k_metric
0,15,5259.49658203125,0.7375075221061707
