epoch,step,train_loss_RANK,val_loss_RANK,val_map_at_k_metric
0,12,,6934.06103515625,0.7221310138702393
0,12,7322.6220703125,,
1,25,,6680.6923828125,0.7481001019477844
