epoch,step,val_loss_RANK,val_map_at_k_metric
0,15,4895.91259765625,0.8073848485946655
