epoch,step,val_loss_RANK,val_map_at_k_metric
0,24,7020.2314453125,0.6984307169914246
