epoch,step,train_loss_RANK,val_loss_RANK,val_map_at_k_metric
0,24,,6750.51416015625,0.7604823112487793
0,24,7244.7177734375,,
1,49,,6546.4306640625,0.759784460067749
