epoch,step,val_loss_RANK,val_map_at_k_metric
0,24,7508.94384765625,0.5241360068321228
