epoch,step,val_loss_RANK,val_map_at_k_metric
0,12,7234.51806640625,0.5562649965286255
