epoch,step,val_loss_RANK,val_map_at_k_metric
0,15,5292.728515625,0.7242361903190613
