epoch,step,val_loss_RANK,val_map_at_k_metric
0,30,5773.32275390625,0.5374166369438171
