epoch,step,train_loss_RANK,val_loss_RANK,val_map_at_k_metric
0,24,,6591.1630859375,0.7557067275047302
0,24,7269.201171875,,
1,49,,6596.1201171875,0.7591418623924255
