epoch,step,val_loss_RANK,val_map_at_k_metric
0,24,7010.2607421875,0.6933455467224121
