epoch,step,val_loss_RANK,val_map_at_k_metric
0,15,4990.3271484375,0.7936655879020691
