epoch,step,train_loss_RANK,val_loss_RANK,val_map_at_k_metric
0,12,,6938.126953125,0.7201102375984192
0,12,7337.197265625,,
1,25,,6626.79833984375,0.7523379921913147
