epoch,step,val_loss_RANK,val_map_at_k_metric
0,30,4791.62158203125,0.758143961429596
