epoch,step,val_loss_RANK,val_map_at_k_metric
0,15,5155.8505859375,0.7361071109771729
