epoch,step,val_loss_RANK,val_map_at_k_metric
0,24,6658.869140625,0.7522267699241638
