epoch,step,val_loss_RANK,val_map_at_k_metric
0,15,5766.88623046875,0.5826963186264038
