epoch,step,val_loss_RANK,val_map_at_k_metric
0,24,7006.84130859375,0.6846668720245361
