epoch,step,train_loss_RANK,val_loss_RANK,val_map_at_k_metric
0,24,,7040.83349609375,0.6808611750602722
0,24,7384.4326171875,,
1,49,,6971.79541015625,0.7131624817848206
