epoch,step,val_loss_RANK,val_map_at_k_metric
0,30,5757.18505859375,0.6300404667854309
