epoch,step,val_loss_RANK,val_map_at_k_metric
0,12,7052.916015625,0.6754063963890076
