epoch,step,val_loss_MSE,val_map_at_k_metric
0,15,0.05085279792547226,0.5917363166809082
