epoch,step,val_loss_RANK,val_map_at_k_metric
0,15,5515.2138671875,0.6604132652282715
