epoch,step,val_loss_RANK,val_map_at_k_metric
0,15,5206.3798828125,0.7351575493812561
