epoch,step,train_loss_RANK,val_loss_RANK,val_map_at_k_metric
0,15,,4883.46826171875,0.8176561594009399
0,15,8272.5400390625,,
1,31,,4624.34716796875,0.8457757234573364
