epoch,step,val_loss_RANK,val_map_at_k_metric
0,15,5063.5166015625,0.8071904182434082
