epoch,step,train_loss_MSE,val_loss_MSE,val_map_at_k_metric
0,49,,0.03228204324841499,0.5565033555030823
0,49,0.10187245160341263,,
1,99,,0.03228259086608887,0.5565462708473206
