epoch,step,val_loss_MSE,val_map_at_k_metric
0,49,0.04160609841346741,0.5186954140663147
