epoch,step,val_loss_RANK,val_map_at_k_metric
0,15,4942.73583984375,0.790753185749054
