epoch,step,val_loss_RANK,val_map_at_k_metric
0,12,25166.84765625,0.5627169013023376
