epoch,step,val_loss_RANK,val_map_at_k_metric
0,15,4976.0771484375,0.7873304486274719
