epoch,step,val_loss_RANK,val_map_at_k_metric
0,15,4957.0791015625,0.8101487755775452
