epoch,step,val_loss_RANK,val_map_at_k_metric
0,15,5004.4208984375,0.7665066719055176
