epoch,step,val_loss_RANK,val_map_at_k_metric
0,15,4866.3076171875,0.8090476393699646
