epoch,step,val_loss_RANK,val_map_at_k_metric
0,15,5425.68408203125,0.5954570174217224
