epoch,step,train_loss_RANK,val_loss_RANK,val_map_at_k_metric
0,15,,4919.68896484375,0.8187915682792664
0,15,8358.5263671875,,
1,31,,4643.46044921875,0.842130720615387
