epoch,step,val_loss_RANK,val_map_at_k_metric
0,24,6665.20654296875,0.747485339641571
