epoch,step,val_loss_RANK,val_map_at_k_metric
0,15,5437.6533203125,0.645483136177063
