epoch,step,train_loss_RANK,val_loss_RANK,val_map_at_k_metric
0,24,,6634.7890625,0.7587013244628906
0,24,7198.556640625,,
1,49,,6486.822265625,0.7600964307785034
