epoch,step,val_loss_RANK,val_map_at_k_metric
0,15,5091.26416015625,0.74086594581604
