epoch,step,val_loss_MSE,val_map_at_k_metric
0,61,0.04582911357283592,0.6034406423568726
