epoch,step,val_loss_RANK,val_map_at_k_metric
0,24,6668.05908203125,0.7560450434684753
