epoch,step,val_loss_RANK,val_map_at_k_metric
0,24,6980.6044921875,0.6989845633506775
