epoch,step,val_loss_RANK,val_map_at_k_metric
0,24,7243.2080078125,0.569981038570404
