epoch,step,val_loss_RANK,val_map_at_k_metric
0,24,6609.6748046875,0.7539229393005371
