epoch,step,val_loss_RANK,val_map_at_k_metric
0,24,6992.87548828125,0.6651557683944702
