epoch,step,val_loss_MSE,val_map_at_k_metric
0,61,0.05168086662888527,0.5608296990394592
