epoch,step,val_loss_RANK,val_map_at_k_metric
0,15,5222.39208984375,0.7049391269683838
