epoch,step,train_loss_MSE,val_loss_MSE,val_map_at_k_metric
0,49,,0.032283518463373184,0.548148512840271
0,49,0.08747174590826035,,
1,99,,0.032283518463373184,0.5481054186820984
