epoch,step,val_loss_RANK,val_map_at_k_metric
0,24,7011.07861328125,0.7435482740402222
