epoch,step,val_loss_MSE,val_map_at_k_metric
0,49,0.032283518463373184,0.5208396315574646
