epoch,step,val_loss_RANK,val_map_at_k_metric
0,15,4925.85986328125,0.787433385848999
