epoch,step,val_loss_RANK,val_map_at_k_metric
0,15,4857.5029296875,0.801383376121521
