epoch,step,val_loss_MSE,val_map_at_k_metric
0,61,0.05342976376414299,0.5236164331436157
