epoch,step,val_loss_RANK,val_map_at_k_metric
0,15,5732.08251953125,0.6700563430786133
