epoch,step,train_loss_RANK,val_loss_RANK,val_map_at_k_metric
0,15,,4856.8544921875,0.7932762503623962
0,15,8344.123046875,,
1,31,,4718.69287109375,0.826164186000824
