epoch,step,val_loss_MSE,val_map_at_k_metric
0,15,0.06991326063871384,0.5065150856971741
