epoch,step,val_loss_RANK,val_map_at_k_metric
0,15,4979.48681640625,0.7960792183876038
