epoch,step,val_loss_RANK,val_map_at_k_metric
0,15,5204.28369140625,0.7639054656028748
