epoch,step,train_loss_RANK,val_loss_RANK,val_map_at_k_metric
0,15,,5164.345703125,0.7857456803321838
0,15,8584.1044921875,,
1,31,,4990.8349609375,0.8158139586448669
