epoch,step,val_loss_MSE,val_map_at_k_metric
0,49,0.03223969414830208,0.5226160883903503
