epoch,step,val_loss_RANK,val_map_at_k_metric
0,24,6624.9794921875,0.7558791637420654
