epoch,step,val_loss_RANK,val_map_at_k_metric
0,12,7089.43310546875,0.6651421189308167
