epoch,step,val_loss_MSE,val_map_at_k_metric
0,30,0.047537919133901596,0.6172339916229248
