epoch,step,val_loss_RANK,val_map_at_k_metric
0,15,5735.14111328125,0.5687861442565918
