epoch,step,val_loss_MSE,val_map_at_k_metric
0,12,0.1263190656900406,0.4941574037075043
