epoch,step,train_loss_RANK,val_loss_RANK,val_map_at_k_metric
0,24,,6616.8564453125,0.7596107125282288
0,24,7291.7080078125,,
1,49,,6655.052734375,0.7599892020225525
