epoch,step,train_loss_RANK,val_loss_RANK,val_map_at_k_metric
0,15,,4948.72021484375,0.8121607899665833
0,15,8428.91015625,,
1,31,,4602.98486328125,0.8347063660621643
