epoch,step,train_loss_RANK,val_loss_RANK,val_map_at_k_metric
0,30,,4611.8779296875,0.7801559567451477
0,30,8012.69775390625,,
1,61,,4550.896484375,0.7961397171020508
