epoch,step,val_loss_RANK,val_map_at_k_metric
0,15,5015.3154296875,0.7872898578643799
