epoch,step,val_loss_RANK,val_map_at_k_metric
0,15,5032.88330078125,0.8095977902412415
